Afghanistan,flag1
Albania,flag2
Algeria,flag3
Andorra,flag4
Angola,flag5
Antigua and Barbuda,flag6
Argentina,flag7
Armenia,flag8
Australia,flag9
Austria,flag10
Azerbaijan,flag11
The Bahamas,flag12
Bahrain,flag13
Bangladesh,flag14
Barbados,flag15
Belarus,flag16
Belgium,flag17
Belize,flag18
Benin,flag19
Bhutan,flag20
Bolivia,flag21
Bosnia and Herzegovina,flag22
Botswana,flag23
Brazil,flag24
Brunei,flag25
Bulgaria,flag26
Burkina Faso,flag27
Burundi,flag28
Ivory Coast,flag29
Cape Verde,flag30
Cambodia,flag31
Cameroon,flag32
Canada,flag33
Central African Republic,flag34
Chad,flag35
Chile,flag36
China,flag37
Colombia,flag38
Comoros,flag39
Republic of the Congo,flag40
Costa Rica,flag41
Croatia,flag42
Cuba,flag43
Cyprus,flag44
Democratic Republic of the Congo,flag45
Denmark,flag46
Djibouti,flag47
Dominica,flag48
Dominican Republic,flag49
Ecuador,flag50
Egypt,flag51
El Salvador,flag52
Equatorial Guinea,flag53
Eritrea,flag54
Estonia,flag55
Eswatini,flag56
Ethiopia,flag57
Fiji,flag58
Finland,flag59
France,flag60
Gabon,flag61
The Gambia,flag62
Georgia,flag63
Germany,flag64
Ghana,flag65
Greece,flag66
Grenada,flag67
Guatemala,flag68
Guinea,flag69
Guinea-Bissau,flag70
Guyana,flag71
Haiti,flag72
Vatican City,flag73
Honduras,flag74
Hungary,flag75
Iceland,flag76
India,flag77
Indonesia,flag78
Iran,flag79
Iraq,flag80
Republic of Ireland,flag81
Israel,flag82
Italy,flag83
Jamaica,flag84
Japan,flag85
Jordan,flag86
Kazakhstan,flag87
Kenya,flag88
Kiribati,flag89
Kosovo,flag90
Kuwait,flag91
Kyrgyzstan,flag92
Laos,flag93
Latvia,flag94
Lebanon,flag95
Lesotho,flag96
Liberia,flag97
Libya,flag98
Liechtenstein,flag99
Lithuania,flag100
Luxembourg,flag101
Madagascar,flag102
Malawi,flag103
Malaysia,flag104
Maldives,flag105
Mali,flag106
Malta,flag107
Marshall Islands,flag108
Mauritania,flag109
Mauritius,flag110
Mexico,flag111
Federated States of Micronesia,flag112
Moldova,flag113
Monaco,flag114
Mongolia,flag115
Montenegro,flag116
Morocco,flag117
Mozambique,flag118
Myanmar,flag119
Namibia,flag120
Nauru,flag121
Nepal,flag122
Netherlands,flag123
New Zealand,flag124
Nicaragua,flag125
Niger,flag126
Nigeria,flag127
North Korea,flag128
North Macedonia,flag129
Norway,flag130
Oman,flag131
Pakistan,flag132
Palau,flag133
Panama,flag134
Papua New Guinea,flag135
Paraguay,flag136
Peru,flag137
Philippines,flag138
Poland,flag139
Portugal,flag140
Qatar,flag141
Romania,flag142
Russia,flag143
Rwanda,flag144
Saint Kitts and Nevis,flag145
Saint Lucia,flag146
Saint Vincent and the Grenadines,flag147
Samoa,flag148
San Marino,flag149
Sao Tome and Principe,flag150
Saudi Arabia,flag151
Senegal,flag152
Serbia,flag153
Seychelles,flag154
Sierra Leone,flag155
Singapore,flag156
Slovakia,flag157
Slovenia,flag158
Solomon Islands,flag159
Somalia,flag160
South Africa,flag161
South Korea,flag162
South Sudan,flag163
Spain,flag164
Sri Lanka,flag165
Sudan,flag166
Suriname,flag167
Sweden,flag168
Switzerland,flag169
Syria,flag170
Tajikistan,flag171
Tanzania,flag172
Thailand,flag173
East Timor,flag174
Togo,flag175
Tonga,flag176
Trinidad and Tobago,flag177
Tunisia,flag178
Turkey,flag179
Turkmenistan,flag180
Tuvalu,flag181
Uganda,flag182
Ukraine,flag183
United Arab Emirates,flag184
United Kingdom,flag185
United States,flag186
Uruguay,flag187
Uzbekistan,flag188
Vanuatu,flag189
Venezuela,flag190
Vietnam,flag191
Yemen,flag192
Zambia,flag193
Zimbabwe,flag194
Chech Republic,flag195